test_name,data_shape,missing_pattern,missing_rate,noise_type,noise_level,execution_time,cells_per_sec,success,error,noisy_mse,noisy_mae,noisy_rmse,noisy_mape,noisy_correlation,noisy_residual_std,noisy_residual_mean,noisy_coverage_95,noisy_evaluable_points,use_fourier
Quick Baseline [MISSNET (autotune)],"(50, 5)",mcar,0.236,gaussian,0.1,0.1360318660736084,1837.8046792706803,True,,0.034552537526558666,0.15259574179517058,0.18588312867648496,135.37918995189904,0.9691289945590744,0.18541118666102682,-0.01323742374892249,0.9322033898305084,59,
Quick Baseline [Mean],"(50, 5)",mcar,0.236,gaussian,0.1,2.7894973754882812e-05,8962188.034188034,True,,0.5218995296883557,0.6070370282228666,0.7224261413378918,580.7573174205497,0.19053193366992136,0.7039899980078068,0.16216538592845242,0.9830508474576272,59,
Quick Baseline [FFillBFill],"(50, 5)",mcar,0.236,gaussian,0.1,0.00017976760864257812,1390684.350132626,True,,0.2873158917151497,0.43789306279018325,0.5360185553832533,511.2689483955352,0.728527728502269,0.5267176202464611,-0.09942052221274277,0.9491525423728814,59,
Quick Baseline [LinearInterp],"(50, 5)",mcar,0.236,gaussian,0.1,0.00038909912109375,642509.8039215687,True,,0.10004328698268522,0.24596456151732332,0.31629620134090325,250.21025227916488,0.9056606875975836,0.305381278193302,0.08237452222447346,0.9322033898305084,59,
Quick Baseline [Spline(k=3)],"(50, 5)",mcar,0.236,gaussian,0.1,0.0013260841369628906,188524.9910104279,True,,1.8677366544433232,0.5374621806910042,1.3666516214614912,236.98278246928166,0.3052973189725711,1.313561073008183,0.3772187189428893,0.9491525423728814,59,
"Quick Baseline [SavGol(11,3)]","(50, 5)",mcar,0.236,gaussian,0.1,0.0004990100860595703,500991.87768752984,True,,0.10093306249441258,0.2596930133155953,0.31769964194882655,363.884384585086,0.9034192785165036,0.3118521488238764,-0.060673715629944995,0.9491525423728814,59,
Quick Baseline [Fourier(K=6)],"(50, 5)",mcar,0.236,gaussian,0.1,0.00045490264892578125,549568.1341719078,True,,0.05538318966743763,0.1923885277030101,0.23533633307978102,307.2885479612214,0.9434702638982007,0.23529111538220743,-0.004613099785869075,0.9491525423728814,59,
Quick Baseline [KNN(k=5)],"(50, 5)",mcar,0.236,gaussian,0.1,0.0012049674987792969,207474.47566284132,True,,0.09762590725128095,0.24185543909572746,0.31245144783034845,419.5549372420768,0.899741398291167,0.30949131841434036,0.042907238054136446,0.9322033898305084,59,
Quick Baseline [IterSVD(rank=5)],"(50, 5)",mcar,0.236,gaussian,0.1,0.00028896331787109375,865161.7161716172,True,,0.5218995296883546,0.6070370282228662,0.7224261413378911,580.7573174205497,0.19053193366992435,0.703989998007806,0.16216538592845245,0.9830508474576272,59,
Quick Baseline [CenteredMA(w=9)],"(50, 5)",mcar,0.236,gaussian,0.1,0.00045013427734375,555389.8305084746,True,,0.31786921188444095,0.47061233590613827,0.5637989108577995,607.0669745207884,0.621926731752247,0.561298949972271,0.05303490024942917,0.9491525423728814,59,
Multivariate Correlated [MISSNET (autotune)],"(200, 10)",mcar,0.201,gaussian,0.1,2.227247953414917,897.969171745566,True,,0.044350146144031204,0.16775764758554618,0.210594743866107,83.10769255202256,0.9985361591804769,0.20866502887972915,0.02844383705924739,0.9477611940298507,402,
Multivariate Correlated [Mean],"(200, 10)",mcar,0.201,gaussian,0.1,2.9325485229492188e-05,68200065.04065041,True,,6.971705563965268,1.8584211598965208,2.640398750939954,230.05938185426186,0.7248055018220523,2.639243782049093,0.07808855793562199,0.927860696517413,402,
Multivariate Correlated [FFillBFill],"(200, 10)",mcar,0.201,gaussian,0.1,0.00015306472778320312,13066367.601246106,True,,0.5430227311033345,0.5825330834176432,0.7369007606885303,133.53010177382606,0.9819375276345168,0.7276860459674146,0.11617120816985749,0.9552238805970149,402,
Multivariate Correlated [LinearInterp],"(200, 10)",mcar,0.201,gaussian,0.1,0.00047016143798828125,4253858.012170386,True,,0.1249611685798456,0.2836930923025807,0.3534984704066562,301.0750289643258,0.9957391937624392,0.3533611250327344,0.009853116027219439,0.9527363184079602,402,
Multivariate Correlated [Spline(k=3)],"(200, 10)",mcar,0.201,gaussian,0.1,0.023442745208740234,85314.24038402864,True,,0.2772435045546225,0.3083211724136804,0.5265391766569915,361.8043586326908,0.9907833457876217,0.5263391324524718,-0.014512828938630023,0.9850746268656716,402,
"Multivariate Correlated [SavGol(11,3)]","(200, 10)",mcar,0.201,gaussian,0.1,0.00036716461181640625,5447148.051948052,True,,0.24704796328389342,0.3773504174298365,0.49703919692906856,234.96014102547895,0.9917224173415817,0.49195581537390354,0.07090443571238043,0.9477611940298507,402,
Multivariate Correlated [Fourier(K=6)],"(200, 10)",mcar,0.201,gaussian,0.1,0.0007021427154541016,2848423.7691001697,True,,1.4172004263936842,0.8756540048520998,1.1904622742421047,162.36639269944612,0.9506751547711707,1.190027621331433,0.03216654880362736,0.9651741293532339,402,
Multivariate Correlated [KNN(k=5)],"(200, 10)",mcar,0.201,gaussian,0.1,0.002424955368041992,824757.447645266,True,,0.22335057400085365,0.3282176848367234,0.4725998032171127,129.19859258538816,0.9925561737339004,0.4717412318330971,0.028474272412930105,0.9427860696517413,402,
Multivariate Correlated [IterSVD(rank=5)],"(200, 10)",mcar,0.201,gaussian,0.1,0.0005488395690917969,3644052.12858384,True,,5.307651650594046,1.344871110578604,2.3038341195915226,229.5797604415962,0.7992798089357478,2.303551739333487,0.036069860101122446,0.9104477611940298,402,
Multivariate Correlated [CenteredMA(w=9)],"(200, 10)",mcar,0.201,gaussian,0.1,0.000823974609375,2427259.2592592593,True,,0.5152800408312416,0.5933218274528992,0.7178300918958759,257.0352467693076,0.9824755116593821,0.7149365147993627,0.06438804732077419,0.9577114427860697,402,
Correlated MAR [MISSNET (autotune)],"(200, 10)",mar,0.414,gaussian,0.1,0.8924038410186768,2241.1378213220205,True,,0.8394846651261867,0.6328688045868555,0.9162339576364689,96.97760783686714,0.9735333392298893,0.9148355776417508,0.0506016897649748,0.9528985507246377,828,
Correlated MAR [Mean],"(200, 10)",mar,0.414,gaussian,0.1,4.7206878662109375e-05,42366707.07070707,True,,6.766257256741208,1.861527487132098,2.60120304027602,268.7699427977763,0.7300382930326877,2.600271288154754,0.06961669870960562,0.9227053140096618,828,
Correlated MAR [FFillBFill],"(200, 10)",mar,0.414,gaussian,0.1,0.0001678466796875,11915636.363636363,True,,0.6874668295031996,0.6624898700278646,0.829136194785392,133.16215883078897,0.9761584148188066,0.8285481774191187,0.03122094166831382,0.9408212560386473,828,
Correlated MAR [LinearInterp],"(200, 10)",mar,0.414,gaussian,0.1,0.0005381107330322266,3716707.133362871,True,,0.2603282814758887,0.3793094914842147,0.5102237562833474,67.90723033418061,0.9909770113265132,0.5099323733260308,0.017241116842308935,0.9468599033816425,828,
Correlated MAR [Spline(k=3)],"(200, 10)",mar,0.414,gaussian,0.1,0.013032913208007812,153457.63207961363,True,,0.4132255329658595,0.367857440058503,0.6428262074354619,80.26816464702347,0.986114749802857,0.6390469941136785,0.06960224335559562,0.9746376811594203,828,
"Correlated MAR [SavGol(11,3)]","(200, 10)",mar,0.414,gaussian,0.1,0.0003561973571777344,5614864.792503347,True,,0.41546375374527666,0.5043880075931348,0.6445647785484998,105.46963145764158,0.985547358114207,0.6443820433115407,0.015347182246925247,0.9480676328502415,828,
Correlated MAR [Fourier(K=6)],"(200, 10)",mar,0.414,gaussian,0.1,0.0007688999176025391,2601118.7596899224,True,,1.3696035265596804,0.8858383881131002,1.1703006137568588,131.96314894932055,0.9522503165099515,1.1699497065332116,-0.028656774810373948,0.9553140096618358,828,
Correlated MAR [KNN(k=5)],"(200, 10)",mar,0.414,gaussian,0.1,0.0029180049896240234,685399.7875643435,True,,1.7335357108295322,0.8070929758728929,1.3166380333370034,96.54386241101459,0.9381802502202556,1.316610122878563,-0.008572932008825768,0.9335748792270532,828,
Correlated MAR [IterSVD(rank=5)],"(200, 10)",mar,0.414,gaussian,0.1,0.0005991458892822266,3338085.15718265,True,,5.5701536293151115,1.4321727374871867,2.360117291431744,165.53424223090914,0.7854446908917545,2.356851552151688,0.12411442476719194,0.9057971014492754,828,
Correlated MAR [CenteredMA(w=9)],"(200, 10)",mar,0.414,gaussian,0.1,0.0008580684661865234,2330816.337871631,True,,0.6147463723530161,0.6523427080512653,0.7840576333108531,111.16695176066807,0.978539996275069,0.7838960038945324,0.015919404235061163,0.9710144927536232,828,
Correlated MNAR [MISSNET (autotune)],"(200, 10)",mnar,0.1325,gaussian,0.1,2.5304691791534424,790.3672633029624,True,,0.046999922677505794,0.16853118697565322,0.21679465555567967,10.222449666333972,0.9988840529994204,0.2120976904346475,0.04488309692739828,0.9547169811320755,265,
Correlated MNAR [Mean],"(200, 10)",mnar,0.1325,gaussian,0.1,3.719329833984375e-05,53773128.20512821,True,,11.1553538962583,2.520034686336225,3.3399631579193056,51.63920202308493,0.9526405205615075,2.1919806285459242,2.520034686336225,0.7924528301886793,265,
Correlated MNAR [FFillBFill],"(200, 10)",mnar,0.1325,gaussian,0.1,0.0001690387725830078,11831605.077574048,True,,0.5371029789033464,0.5877129494798271,0.7328730987717766,26.56372402347959,0.9870268303002135,0.717887590900014,0.1474462130240057,0.9471698113207547,265,
Correlated MNAR [LinearInterp],"(200, 10)",mnar,0.1325,gaussian,0.1,0.0004911422729492188,4072139.805825243,True,,0.18279753864051065,0.3001626381803099,0.42754828808043505,14.42666268118936,0.9956945105497274,0.41672191443790046,0.09560535899060178,0.9320754716981132,265,
Correlated MNAR [Spline(k=3)],"(200, 10)",mnar,0.1325,gaussian,0.1,0.02720785140991211,73508.19327362905,True,,1.1429594443074702,0.39710233868192496,1.0690928137011633,18.34939944568769,0.971478408482741,1.0685813957971282,0.033064253563798364,0.9849056603773585,265,
"Correlated MNAR [SavGol(11,3)]","(200, 10)",mnar,0.1325,gaussian,0.1,0.00033783912658691406,5919977.417078335,True,,0.2982697045487358,0.41232265184214995,0.5461407369430848,17.454939284665397,0.9930623191990989,0.5258636979588779,0.14743498810577427,0.9283018867924528,265,
Correlated MNAR [Fourier(K=6)],"(200, 10)",mnar,0.1325,gaussian,0.1,0.0007059574127197266,2833032.083755488,True,,1.9956719944230603,0.9647133646558844,1.4126825526009232,34.30630186347213,0.9587146458488212,1.3391245339262654,0.4499082985007309,0.9584905660377359,265,
Correlated MNAR [KNN(k=5)],"(200, 10)",mnar,0.1325,gaussian,0.1,0.002063274383544922,969333.0251906633,True,,0.3341306129074058,0.39526856213022016,0.578040321177862,16.844981830056884,0.992988569312045,0.5424444794338147,0.19971129071533147,0.9207547169811321,265,
Correlated MNAR [IterSVD(rank=5)],"(200, 10)",mnar,0.1325,gaussian,0.1,0.0005393028259277344,3708491.6003536694,True,,9.368342339131285,1.8529591922446933,3.060774793925761,27.147777502689834,0.9075476730451347,2.48542172595794,1.7863429635060404,0.8301886792452831,265,
Correlated MNAR [CenteredMA(w=9)],"(200, 10)",mnar,0.1325,gaussian,0.1,0.0008769035339355469,2280752.582925503,True,,0.570832690938105,0.6163091665590344,0.7555347053167742,24.7245764945231,0.9875431328566058,0.7133999807956313,0.24878335623368775,0.9358490566037736,265,
Correlated Long Gaps [MISSNET (autotune)],"(200, 10)",mcar,0.08,gaussian,0.1,1.5948882102966309,1254.006385581108,True,,,,,,0.0,,,,0,
Correlated Long Gaps [Mean],"(200, 10)",mcar,0.08,gaussian,0.1,3.4809112548828125e-05,57456219.17808219,True,,,,,,0.0,,,,0,
Correlated Long Gaps [FFillBFill],"(200, 10)",mcar,0.08,gaussian,0.1,0.0010929107666015625,1829975.5671902269,True,,,,,,0.0,,,,0,
Correlated Long Gaps [LinearInterp],"(200, 10)",mcar,0.08,gaussian,0.1,0.0009920597076416016,2016007.6904590242,True,,,,,,0.0,,,,0,
Correlated Long Gaps [Spline(k=3)],"(200, 10)",mcar,0.08,gaussian,0.1,0.032202959060668945,62106.0939223656,True,,,,,,0.0,,,,0,
"Correlated Long Gaps [SavGol(11,3)]","(200, 10)",mcar,0.08,gaussian,0.1,0.002686023712158203,744595.0647967336,True,,,,,,0.0,,,,0,
Correlated Long Gaps [Fourier(K=6)],"(200, 10)",mcar,0.08,gaussian,0.1,0.0006139278411865234,3257711.844660194,True,,,,,,0.0,,,,0,
Correlated Long Gaps [KNN(k=5)],"(200, 10)",mcar,0.08,gaussian,0.1,0.0019288063049316406,1036910.7540173053,True,,,,,,0.0,,,,0,
Correlated Long Gaps [IterSVD(rank=5)],"(200, 10)",mcar,0.08,gaussian,0.1,0.0004978179931640625,4017532.5670498083,True,,,,,,0.0,,,,0,
Correlated Long Gaps [CenteredMA(w=9)],"(200, 10)",mcar,0.08,gaussian,0.1,0.0006899833679199219,2898620.594333103,True,,,,,,0.0,,,,0,
Low Correlation Control [MISSNET (autotune)],"(200, 10)",mcar,0.21,gaussian,0.1,1.9006249904632568,1052.2854377035849,True,,0.08038092108440624,0.22732535596283118,0.2835152925053713,44.053415103843896,0.99324374981368,0.2833939247988836,0.00829484608000223,0.9523809523809523,420,
Low Correlation Control [Mean],"(200, 10)",mcar,0.21,gaussian,0.1,3.981590270996094e-05,50231185.628742516,True,,3.2645656090417647,1.3518650654758073,1.806810894654381,406.33758522605234,0.6748407241930106,1.7976708013807892,0.18150839899221424,0.9214285714285714,420,
Low Correlation Control [FFillBFill],"(200, 10)",mcar,0.21,gaussian,0.1,0.00020599365234375,9709037.037037037,True,,0.2169016216424645,0.3735592436772308,0.46572698187077854,83.57358919765711,0.9818869541357853,0.4611670130553284,0.06501236583982299,0.9404761904761905,420,
Low Correlation Control [LinearInterp],"(200, 10)",mcar,0.21,gaussian,0.1,0.0005509853363037109,3629860.666378191,True,,0.09817881866272575,0.2465503605448274,0.31333499431555,58.300455782139615,0.9918072712324993,0.3126352347465115,0.02092913418465731,0.9380952380952381,420,
Low Correlation Control [Spline(k=3)],"(200, 10)",mcar,0.21,gaussian,0.1,0.03151822090148926,63455.35829103535,True,,0.13721065441315783,0.2927830733594979,0.3704195653757477,60.98772548406468,0.9883562542077531,0.370229810283272,0.011855040732542383,0.9428571428571428,420,
"Low Correlation Control [SavGol(11,3)]","(200, 10)",mcar,0.21,gaussian,0.1,0.0004622936248779297,4326254.770500258,True,,0.11644560831712007,0.2713466846147584,0.3412412758110016,68.67403537284208,0.9903537988266833,0.3394778947448249,0.034646317217586084,0.9428571428571428,420,
Low Correlation Control [Fourier(K=6)],"(200, 10)",mcar,0.21,gaussian,0.1,0.0008480548858642578,2358337.9252178804,True,,0.5269852708808678,0.530683983157137,0.7259375116915145,87.20000397133306,0.9549995358784736,0.7226350615517003,0.06916529980443947,0.9642857142857143,420,
Low Correlation Control [KNN(k=5)],"(200, 10)",mcar,0.21,gaussian,0.1,0.0027191638946533203,735520.2104340201,True,,0.25107211543980595,0.355118083040126,0.50107096846635,63.98166947553124,0.9792756742558054,0.49928763904459933,0.0422370564442624,0.9523809523809523,420,
Low Correlation Control [IterSVD(rank=5)],"(200, 10)",mcar,0.21,gaussian,0.1,0.0005600452423095703,3571140.05959983,True,,2.2325686443996933,0.9027862785923324,1.4941782505443229,192.62454449045293,0.7944857202711854,1.487921923262434,0.1365906097603816,0.9142857142857143,420,
Low Correlation Control [CenteredMA(w=9)],"(200, 10)",mcar,0.21,gaussian,0.1,0.0010061264038085938,1987821.8009478673,True,,0.1935278803080228,0.36178391371140906,0.43991803817077424,97.14183814282308,0.9838997688267608,0.4379767591731607,0.04128242643302254,0.9642857142857143,420,
Medium Correlation [MISSNET (autotune)],"(200, 10)",mcar,0.202,gaussian,0.1,1.861530065536499,1074.385011033165,True,,0.06359724620091811,0.20220380129417792,0.25218494443744677,33.29718568079679,0.9971565725338201,0.2521466633611277,0.004393899949735179,0.9579207920792079,404,
Medium Correlation [Mean],"(200, 10)",mcar,0.202,gaussian,0.1,3.981590270996094e-05,50231185.628742516,True,,5.774879515562558,1.7805109229812248,2.4030978997041625,250.9447331019181,0.6966397604379932,2.400436409509957,-0.1130688262144111,0.9282178217821783,404,
Medium Correlation [FFillBFill],"(200, 10)",mcar,0.202,gaussian,0.1,0.00036787986755371094,5436557.355800389,True,,0.302094354074339,0.4434164577645859,0.5496311072658997,83.54301302249698,0.9867516100132876,0.549319344188233,0.018509785923897498,0.9529702970297029,404,
Medium Correlation [LinearInterp],"(200, 10)",mcar,0.202,gaussian,0.1,0.0005700588226318359,3508409.8703471352,True,,0.11062029078437761,0.2688291832435091,0.3325962879894747,46.081311812346684,0.9950636230357623,0.3321686230064978,-0.016861099440568985,0.9529702970297029,404,
Medium Correlation [Spline(k=3)],"(200, 10)",mcar,0.202,gaussian,0.1,0.022680997848510742,88179.54189486077,True,,0.1556870012628239,0.28908451431414495,0.39457192153373494,62.632577030297455,0.9932164058397358,0.39412582089003173,0.01875736043750639,0.9579207920792079,404,
"Medium Correlation [SavGol(11,3)]","(200, 10)",mcar,0.202,gaussian,0.1,0.0004169940948486328,4796230.989136649,True,,0.1530362865057407,0.3193395857475049,0.3911985256947432,60.49613805655455,0.9931554471805434,0.39110375697699495,-0.008610330087772872,0.9653465346534653,404,
Medium Correlation [Fourier(K=6)],"(200, 10)",mcar,0.202,gaussian,0.1,0.0007159709930419922,2793409.2574092573,True,,1.026041141883195,0.7524200223267548,1.0129368893880777,111.58398847698037,0.9533417871396684,1.0094577445691497,-0.08388208278625571,0.9628712871287128,404,
Medium Correlation [KNN(k=5)],"(200, 10)",mcar,0.202,gaussian,0.1,0.002393007278442383,835768.4567101724,True,,0.25377250133282364,0.33555893783181107,0.503758375943094,52.7423580261415,0.9890285191124841,0.5035101038271251,0.01581381284894082,0.9579207920792079,404,
Medium Correlation [IterSVD(rank=5)],"(200, 10)",mcar,0.202,gaussian,0.1,0.0005409717559814453,3697050.6831203173,True,,3.9914302549092677,1.2474452832968654,1.9978564149881413,164.4953673089591,0.8041336163995995,1.9974433017361741,0.04062648469358167,0.8985148514851485,404,
Medium Correlation [CenteredMA(w=9)],"(200, 10)",mcar,0.202,gaussian,0.1,0.0007059574127197266,2833032.083755488,True,,0.34889742705884597,0.49402532849959674,0.5906753990635177,79.94697685597308,0.9843348621560171,0.5900278186771051,-0.027651405859072324,0.9653465346534653,404,
Quick Fourier [No Fourier],"(50, 5)",mcar,0.208,gaussian,0.1,0.13580799102783203,1840.8342403707734,True,,0.04841522734881446,0.18116201101061674,0.22003460488935475,74.93109457544548,0.9630278391832199,0.21918935346949184,-0.01926797016918565,0.9615384615384616,52,False
Quick Fourier [With Fourier],"(50, 5)",mcar,0.208,gaussian,0.1,0.15137410163879395,1651.5374644240355,True,,0.09732015436437627,0.22459019119995977,0.3119617834998003,66.57165644435857,0.9245868228957489,0.3116474364093861,-0.014001062239485109,0.9230769230769231,52,True
